Option Type,Option Value
Strap Material,Steel
Strap Material,Gold
Strap Material,Rose Gold
Strap Material,Titanium
Strap Material,Steel Gold
Strap Material,Steel Rose Gold
Strap Material,Steel Black
Strap Material,Silicone
Strap Material,Leather
Strap Colour,White
Strap Colour,Carbon Black
Strap Colour,Black
Strap Colour,Copper
Strap Colour,Cream
Strap Colour,Pink
Strap Colour,Beige
Strap Colour,Gray
Strap Colour,Steel Gold Color
Strap Colour,Steel Rose Gold Color
Strap Colour,Steel Black
Strap Colour,Brown
Strap Colour,Blue
Strap Colour,Silver
Strap Colour,Gold Color
Strap Colour,Rose Gold Color
Dial Colour,White
Dial Colour,Carbon Black
Dial Colour,Black
Dial Colour,Copper
Dial Colour,Cream
Dial Colour,Pink
Dial Colour,Beige
Dial Colour,Gray
Dial Colour,Steel Gold Color
Dial Colour,Steel Rose Gold Color
Dial Colour,Steel Black
Dial Colour,Brown
Dial Colour,Blue
Dial Colour,Silver
Dial Colour,Gold Color
Dial Colour,Rose Gold Color
